{'full_name': {'email': ['tgoody0@weather.com'], 'phone': ['809-992-7298']}}
{'full_name': {'email': ['ogodfery1@a8.net'], 'phone': ['560-745-9361']}}
{'full_name': {'email': ['handriulis2@auda.org.au'], 'phone': ['637-129-6073']}}
{'full_name': {'email': ['nschaffel3@umn.edu'], 'phone': ['936-816-9031']}}
{'full_name': {'email': ['lfellgate4@ameblo.jp'], 'phone': ['837-475-7739']}}
{'full_name': {'email': ['jespinola5@slideshare.net'], 'phone': ['549-439-3223']}}
{'full_name': {'email': ['farlet6@craigslist.org'], 'phone': ['144-434-8144']}}
{'full_name': {'email': ['drisebarer7@hostgator.com'], 'phone': ['646-626-7781']}}
{'full_name': {'email': ['rgirt8@facebook.com'], 'phone': ['290-785-0219']}}
{'full_name': {'email': ['rtotman9@paginegialle.it'], 'phone': ['419-943-4400']}}
{'full_name': {'email': ['ctorransa@phpbb.com'], 'phone': ['746-940-0040']}}
{'full_name': {'email': ['sbourkeb@github.com'], 'phone': ['240-515-9183']}}
{'full_name': {'email': ['snehlsenc@xinhuanet.com'], 'phone': ['545-521-1909']}}
{'full_name': {'email': ['kantonellid@weibo.com'], 'phone': ['447-609-0560']}}
{'full_name': {'email': ['saizikove@vinaora.com'], 'phone': ['336-657-2027']}}
{'full_name': {'email': ['kfelipf@umich.edu'], 'phone': ['534-502-1339']}}
{'full_name': {'email': ['mmellsopg@hhs.gov'], 'phone': ['189-732-1229']}}
{'full_name': {'email': ['ewybrewh@ask.com'], 'phone': ['211-224-3475']}}
{'full_name': {'email': ['fbernardoi@goodreads.com'], 'phone': ['835-107-7540']}}
{'full_name': {'email': ['lswinfonj@usnews.com'], 'phone': ['374-302-3174']}}
{'full_name': {'email': ['bchinak@seattletimes.com'], 'phone': ['708-117-4249']}}
{'full_name': {'email': ['dbaldenl@nydailynews.com'], 'phone': ['683-287-2503']}}
{'full_name': {'email': ['mbeltonm@merriam-webster.com'], 'phone': ['329-788-7529']}}
{'full_name': {'email': ['rmollenn@bandcamp.com'], 'phone': ['310-924-5335']}}
{'full_name': {'email': ['pgiurioo@foxnews.com'], 'phone': ['936-533-1868']}}
{'full_name': {'email': ['areuterp@guardian.co.uk'], 'phone': ['951-979-8732']}}
{'full_name': {'email': ['abrockhurstq@devhub.com'], 'phone': ['507-127-0423']}}
{'full_name': {'email': ['rhenrietr@washington.edu'], 'phone': ['307-253-4984']}}
{'full_name': {'email': ['dhakens@seesaa.net'], 'phone': ['284-987-6149']}}
{'full_name': {'email': ['eforestelt@narod.ru'], 'phone': ['275-240-6652']}}
{'full_name': {'email': ['rgrettonu@about.me'], 'phone': ['929-420-4654']}}
{'full_name': {'email': ['hlettenv@naver.com'], 'phone': ['106-459-2053']}}
{'full_name': {'email': ['atibblesw@hc360.com'], 'phone': ['131-959-8267']}}
{'full_name': {'email': ['rtrundellx@simplemachines.org'], 'phone': ['410-954-4692']}}
{'full_name': {'email': ['gluthwoody@wired.com'], 'phone': ['681-466-3674']}}
{'full_name': {'email': ['dpeeverz@yellowbook.com'], 'phone': ['804-468-5501']}}
{'full_name': {'email': ['jrand10@nhs.uk'], 'phone': ['645-721-6406']}}
{'full_name': {'email': ['lrozec11@cloudflare.com'], 'phone': ['191-832-2342']}}
{'full_name': {'email': ['lhellard12@upenn.edu'], 'phone': ['174-590-0857']}}
{'full_name': {'email': ['hvasyutochkin13@baidu.com'], 'phone': ['320-231-4248']}}
{'full_name': {'email': ['aklaaassen14@wsj.com'], 'phone': ['278-198-8970']}}
{'full_name': {'email': ['emcmechan15@sciencedirect.com'], 'phone': ['590-837-4483']}}
{'full_name': {'email': ['wbumfrey16@ameblo.jp'], 'phone': ['233-859-4684']}}
{'full_name': {'email': ['ldillamore17@oaic.gov.au'], 'phone': ['316-239-3555']}}
{'full_name': {'email': ['drustadge18@xing.com'], 'phone': ['569-364-9027']}}
{'full_name': {'email': ['cstather19@unc.edu'], 'phone': ['660-728-5758']}}
{'full_name': {'email': ['bbarson1a@google.cn'], 'phone': ['346-856-0224']}}
{'full_name': {'email': ['wwoodall1b@live.com'], 'phone': ['879-475-8053']}}
{'full_name': {'email': ['rfulford1c@google.de'], 'phone': ['534-569-1873']}}
{'full_name': {'email': ['lveryan1d@cpanel.net'], 'phone': ['811-638-1115']}}
{'full_name': {'email': ['iasplin1e@bloomberg.com'], 'phone': ['996-929-0517']}}
{'full_name': {'email': ['edimmack1f@webmd.com'], 'phone': ['203-723-3224']}}
{'full_name': {'email': ['gsweeting1g@ezinearticles.com'], 'phone': ['819-576-8788']}}
{'full_name': {'email': ['jridehalgh1h@senate.gov'], 'phone': ['305-524-6635']}}
{'full_name': {'email': ['eyearn1i@techcrunch.com'], 'phone': ['412-602-0556']}}
{'full_name': {'email': ['egarrick1j@nasa.gov'], 'phone': ['626-376-4276']}}
{'full_name': {'email': ['gmillberg1k@cpanel.net'], 'phone': ['696-559-2020']}}
{'full_name': {'email': ['kritson1l@amazon.de'], 'phone': ['996-366-3500']}}
{'full_name': {'email': ['emenier1m@slideshare.net'], 'phone': ['816-116-8759']}}
{'full_name': {'email': ['myurkevich1n@1und1.de'], 'phone': ['602-521-3392']}}
{'full_name': {'email': ['dspinetti1o@vimeo.com'], 'phone': ['608-779-0863']}}
{'full_name': {'email': ['mcarlaw1p@eepurl.com'], 'phone': ['762-956-1732']}}
{'full_name': {'email': ['icordelet1q@reddit.com'], 'phone': ['837-768-4718']}}
{'full_name': {'email': ['mrenon1r@opera.com'], 'phone': ['419-557-9127']}}
{'full_name': {'email': ['cjeafferson1s@europa.eu'], 'phone': ['829-748-2594']}}
{'full_name': {'email': ['hloges1t@va.gov'], 'phone': ['381-275-0793']}}
{'full_name': {'email': ['vthurbon1u@mysql.com'], 'phone': ['152-737-4135']}}
{'full_name': {'email': ['pguitonneau1v@europa.eu'], 'phone': ['688-378-0529']}}
{'full_name': {'email': ['cjobbins1w@delicious.com'], 'phone': ['905-266-3279']}}
{'full_name': {'email': ['shaysham1x@wordpress.org'], 'phone': ['623-666-9115']}}
{'full_name': {'email': ['rdohmer1y@seattletimes.com'], 'phone': ['407-808-1713']}}
{'full_name': {'email': ['aboggish1z@economist.com'], 'phone': ['336-934-2309']}}
{'full_name': {'email': ['ecarrel20@mapquest.com'], 'phone': ['219-867-1584']}}
{'full_name': {'email': ['mgrzegorek21@technorati.com'], 'phone': ['387-900-0104']}}
{'full_name': {'email': ['adobeson22@oakley.com'], 'phone': ['904-691-9472']}}
{'full_name': {'email': ['ctuer23@accuweather.com'], 'phone': ['297-966-0660']}}
{'full_name': {'email': ['pheining24@economist.com'], 'phone': ['795-266-3216']}}
{'full_name': {'email': ['tandrysek25@google.pl'], 'phone': ['562-339-4072']}}
{'full_name': {'email': ['jrogger26@homestead.com'], 'phone': ['568-513-6224']}}
{'full_name': {'email': ['sthroughton27@rakuten.co.jp'], 'phone': ['770-991-7165']}}
{'full_name': {'email': ['mwagge28@forbes.com'], 'phone': ['461-488-1202']}}
{'full_name': {'email': ['dtennock29@so-net.ne.jp'], 'phone': ['410-988-1028']}}
{'full_name': {'email': ['hexroll2a@mapquest.com'], 'phone': ['160-834-8433']}}
{'full_name': {'email': ['rsawtell2b@google.ca'], 'phone': ['144-620-7578']}}
{'full_name': {'email': ['dbleackly2c@wisc.edu'], 'phone': ['463-475-3824']}}
{'full_name': {'email': ['bemmet2d@ustream.tv'], 'phone': ['941-196-0514']}}
{'full_name': {'email': ['bfray2e@soundcloud.com'], 'phone': ['638-628-2310']}}
{'full_name': {'email': ['dpaton2f@cnet.com'], 'phone': ['353-382-6579']}}
{'full_name': {'email': ['bcurtain2g@free.fr'], 'phone': ['341-807-7755']}}
{'full_name': {'email': ['lpinkney2h@indiatimes.com'], 'phone': ['356-932-4041']}}
{'full_name': {'email': ['jallum2i@ustream.tv'], 'phone': ['462-454-0603']}}
{'full_name': {'email': ['sbenny2j@who.int'], 'phone': ['931-467-0791']}}
{'full_name': {'email': ['mizat2k@cmu.edu'], 'phone': ['168-666-0120']}}
{'full_name': {'email': ['fclausen2l@bluehost.com'], 'phone': ['582-521-4749']}}
{'full_name': {'email': ['aeyers2m@ustream.tv'], 'phone': ['557-199-0868']}}
{'full_name': {'email': ['slangstone2n@sciencedirect.com'], 'phone': ['928-457-4137']}}
{'full_name': {'email': ['nfranseco2o@geocities.jp'], 'phone': ['420-546-9832']}}
{'full_name': {'email': ['alayburn2p@wikispaces.com'], 'phone': ['232-200-4664']}}
{'full_name': {'email': ['darmstrong2q@photobucket.com'], 'phone': ['136-248-4329']}}
{'full_name': {'email': ['hwalaron2r@vimeo.com'], 'phone': ['487-670-7860']}}
{'full_name': {'email': ['dkniveton2s@naver.com'], 'phone': ['205-997-3217']}}
{'full_name': {'email': ['gwilsone2t@hc360.com'], 'phone': ['409-746-9200']}}
{'full_name': {'email': ['hflancinbaum2u@seesaa.net'], 'phone': ['922-707-7013']}}
{'full_name': {'email': ['vmiebes2v@wikia.com'], 'phone': ['286-611-2087']}}
{'full_name': {'email': ['nnorquay2w@surveymonkey.com'], 'phone': ['614-985-7839']}}
{'full_name': {'email': ['jhynd2x@google.cn'], 'phone': ['775-819-5604']}}
{'full_name': {'email': ['jbinley2y@oakley.com'], 'phone': ['758-354-5532']}}
{'full_name': {'email': ['sloos2z@usnews.com'], 'phone': ['895-983-9667']}}
{'full_name': {'email': ['ddiroberto30@ow.ly'], 'phone': ['348-708-0088']}}
{'full_name': {'email': ['aboyett31@weather.com'], 'phone': ['842-122-7239']}}
{'full_name': {'email': ['lwarrington32@last.fm'], 'phone': ['133-287-3998']}}
{'full_name': {'email': ['zwoltman33@spotify.com'], 'phone': ['848-384-6843']}}
{'full_name': {'email': ['schilles34@japanpost.jp'], 'phone': ['141-224-3018']}}
{'full_name': {'email': ['ekubiak35@goo.ne.jp'], 'phone': ['599-469-9105']}}
{'full_name': {'email': ['dglenn36@bing.com'], 'phone': ['702-911-5493']}}
{'full_name': {'email': ['jgewer37@blinklist.com'], 'phone': ['791-293-4175']}}
{'full_name': {'email': ['eofihillie38@example.com'], 'phone': ['280-553-7008']}}
{'full_name': {'email': ['gmaccorkell39@wix.com'], 'phone': ['988-235-4683']}}
{'full_name': {'email': ['mbulleyn3a@cam.ac.uk'], 'phone': ['152-212-5356']}}
{'full_name': {'email': ['rmariolle3b@etsy.com'], 'phone': ['365-538-7361']}}
{'full_name': {'email': ['rransfield3c@pagesperso-orange.fr'], 'phone': ['517-384-1355']}}
{'full_name': {'email': ['tleneham3d@nbcnews.com'], 'phone': ['563-178-5740']}}
{'full_name': {'email': ['mhaggis3e@vinaora.com'], 'phone': ['503-184-5250']}}
{'full_name': {'email': ['jpally3f@google.com.hk'], 'phone': ['684-951-3712']}}
{'full_name': {'email': ['tlaugherane3g@cloudflare.com'], 'phone': ['978-787-9682']}}
{'full_name': {'email': ['rmeads3h@google.ca'], 'phone': ['237-704-8250']}}
{'full_name': {'email': ['tnellies3i@marketwatch.com'], 'phone': ['871-146-8323']}}
{'full_name': {'email': ['lmawer3j@about.me'], 'phone': ['605-259-0533']}}
{'full_name': {'email': ['kcarbery3k@who.int'], 'phone': ['721-192-7228']}}
{'full_name': {'email': ['apenzer3l@forbes.com'], 'phone': ['829-159-5451']}}
{'full_name': {'email': ['mmitton3m@joomla.org'], 'phone': ['952-318-1528']}}
{'full_name': {'email': ['mminchenton3n@clickbank.net'], 'phone': ['655-995-5365']}}
{'full_name': {'email': ['gtombling3o@accuweather.com'], 'phone': ['873-265-1283']}}
{'full_name': {'email': ['ptitterrell3p@google.co.uk'], 'phone': ['627-408-1450']}}
{'full_name': {'email': ['rsandell3q@wikispaces.com'], 'phone': ['266-258-4852']}}
{'full_name': {'email': ['sarrighetti3r@bandcamp.com'], 'phone': ['796-977-8007']}}
{'full_name': {'email': ['mtilzey3s@netscape.com'], 'phone': ['477-294-9078']}}
{'full_name': {'email': ['nwason3t@example.com'], 'phone': ['469-867-7879']}}
{'full_name': {'email': ['spasso3u@ebay.co.uk'], 'phone': ['547-853-1120']}}
{'full_name': {'email': ['lpatey3v@answers.com'], 'phone': ['984-629-1399']}}
{'full_name': {'email': ['hosheils3w@purevolume.com'], 'phone': ['253-878-6175']}}
{'full_name': {'email': ['jcode3x@csmonitor.com'], 'phone': ['576-542-6943']}}
{'full_name': {'email': ['gtrudgian3y@sphinn.com'], 'phone': ['904-939-8410']}}
{'full_name': {'email': ['psappell3z@nydailynews.com'], 'phone': ['718-941-5675']}}
{'full_name': {'email': ['griccetti40@aboutads.info'], 'phone': ['699-688-4565']}}
{'full_name': {'email': ['rmaddaford41@unc.edu'], 'phone': ['870-880-1960']}}
{'full_name': {'email': ['jbouda42@princeton.edu'], 'phone': ['124-565-3256']}}
{'full_name': {'email': ['bcajkler43@redcross.org'], 'phone': ['118-525-8362']}}
{'full_name': {'email': ['csheldon44@vimeo.com'], 'phone': ['947-671-7677']}}
{'full_name': {'email': ['ehansley45@wordpress.com'], 'phone': ['615-457-7372']}}
{'full_name': {'email': ['afarryann46@apple.com'], 'phone': ['296-398-7808']}}
{'full_name': {'email': ['tdefraine47@virginia.edu'], 'phone': ['937-704-6563']}}
{'full_name': {'email': ['csawood48@goo.gl'], 'phone': ['972-801-1394']}}
{'full_name': {'email': ['amcharg49@youku.com'], 'phone': ['830-734-1414']}}
{'full_name': {'email': ['isaunter4a@twitter.com'], 'phone': ['130-780-1388']}}
{'full_name': {'email': ['wricold4b@latimes.com'], 'phone': ['498-695-1786']}}
{'full_name': {'email': ['rorridge4c@nasa.gov'], 'phone': ['909-192-5199']}}
{'full_name': {'email': ['mscates4d@thetimes.co.uk'], 'phone': ['736-577-0913']}}
{'full_name': {'email': ['achapell4e@usnews.com'], 'phone': ['528-680-1122']}}
{'full_name': {'email': ['ckennedy4f@utexas.edu'], 'phone': ['482-868-7511']}}
{'full_name': {'email': ['hbeadham4g@fc2.com'], 'phone': ['568-288-2562']}}
{'full_name': {'email': ['lkaas4h@list-manage.com'], 'phone': ['230-591-9480']}}
{'full_name': {'email': ['wcadman4i@oakley.com'], 'phone': ['228-464-4709']}}
{'full_name': {'email': ['sboulstridge4j@networksolutions.com'], 'phone': ['608-298-0834']}}
{'full_name': {'email': ['bfransewich4k@tripod.com'], 'phone': ['854-878-9415']}}
{'full_name': {'email': ['ocossell4l@newyorker.com'], 'phone': ['280-217-9290']}}
{'full_name': {'email': ['gmoresby4m@furl.net'], 'phone': ['983-650-6804']}}
{'full_name': {'email': ['dparrott4n@europa.eu'], 'phone': ['617-673-7997']}}
{'full_name': {'email': ['ngager4o@washington.edu'], 'phone': ['498-990-1149']}}
{'full_name': {'email': ['izarfati4p@sitemeter.com'], 'phone': ['987-792-3744']}}
{'full_name': {'email': ['crosenau4q@addtoany.com'], 'phone': ['169-329-1261']}}
{'full_name': {'email': ['yokenden4r@delicious.com'], 'phone': ['411-802-2491']}}
{'full_name': {'email': ['plyes4s@vk.com'], 'phone': ['767-621-7700']}}
{'full_name': {'email': ['hgalland4t@nhs.uk'], 'phone': ['913-262-6510']}}
{'full_name': {'email': ['alapre4u@infoseek.co.jp'], 'phone': ['849-918-0044']}}
{'full_name': {'email': ['ncolclough4v@ucsd.edu'], 'phone': ['527-391-0838']}}
{'full_name': {'email': ['jwadlow4w@usgs.gov'], 'phone': ['445-824-2111']}}
{'full_name': {'email': ['bdaborne4x@blogs.com'], 'phone': ['832-569-7468']}}
{'full_name': {'email': ['hcruft4y@amazon.co.uk'], 'phone': ['815-532-1994']}}
{'full_name': {'email': ['dlongland4z@over-blog.com'], 'phone': ['282-307-3342']}}
{'full_name': {'email': ['pfoy50@independent.co.uk'], 'phone': ['133-668-7858']}}
{'full_name': {'email': ['mmcmurthy51@dailymotion.com'], 'phone': ['107-897-7654']}}
{'full_name': {'email': ['kpettersen52@who.int'], 'phone': ['395-439-8382']}}
{'full_name': {'email': ['aschuh53@mediafire.com'], 'phone': ['825-912-2118']}}
{'full_name': {'email': ['asillitoe54@51.la'], 'phone': ['824-141-7638']}}
{'full_name': {'email': ['ahamberston55@hhs.gov'], 'phone': ['648-100-6284']}}
{'full_name': {'email': ['hcattel56@hatena.ne.jp'], 'phone': ['324-128-8083']}}
{'full_name': {'email': ['ftoffoletto57@loc.gov'], 'phone': ['959-914-0090']}}
{'full_name': {'email': ['scorness58@printfriendly.com'], 'phone': ['123-773-4507']}}
{'full_name': {'email': ['chaken59@comcast.net'], 'phone': ['795-199-4722']}}
{'full_name': {'email': ['pgymlett5a@wikimedia.org'], 'phone': ['443-325-4143']}}
{'full_name': {'email': ['wiorizzo5b@stumbleupon.com'], 'phone': ['859-637-8551']}}
{'full_name': {'email': ['mskellorne5c@elpais.com'], 'phone': ['363-702-7181']}}
{'full_name': {'email': ['rkingh5d@kickstarter.com'], 'phone': ['577-828-9763']}}
{'full_name': {'email': ['rbewshire5e@cbc.ca'], 'phone': ['108-298-2652']}}
{'full_name': {'email': ['fpren5f@drupal.org'], 'phone': ['505-869-6841']}}
{'full_name': {'email': ['pvonnassau5g@fotki.com'], 'phone': ['951-522-9314']}}
{'full_name': {'email': ['lfrugier5h@foxnews.com'], 'phone': ['961-838-3554']}}
{'full_name': {'email': ['sblackaby5i@amazonaws.com'], 'phone': ['120-353-5059']}}
{'full_name': {'email': ['lryall5j@cnbc.com'], 'phone': ['646-917-4880']}}
{'full_name': {'email': ['gburden5k@mac.com'], 'phone': ['761-895-6906']}}
{'full_name': {'email': ['lniccols5l@acquirethisname.com'], 'phone': ['429-534-8814']}}
{'full_name': {'email': ['ahauxley5m@adobe.com'], 'phone': ['205-648-4908']}}
{'full_name': {'email': ['dgarlinge5n@slashdot.org'], 'phone': ['371-291-9679']}}
{'full_name': {'email': ['dkaroly5o@jalbum.net'], 'phone': ['254-907-9037']}}
{'full_name': {'email': ['nnichols5p@blinklist.com'], 'phone': ['691-783-8158']}}
{'full_name': {'email': ['disenor5q@comsenz.com'], 'phone': ['366-581-6473']}}
{'full_name': {'email': ['abernier5r@webs.com'], 'phone': ['757-829-1594']}}
{'full_name': {'email': ['wcomar5s@nifty.com'], 'phone': ['355-598-0509']}}
{'full_name': {'email': ['vsimester5t@sogou.com'], 'phone': ['997-692-5115']}}
{'full_name': {'email': ['llodewick5u@examiner.com'], 'phone': ['700-551-3759']}}
{'full_name': {'email': ['aanchor5v@photobucket.com'], 'phone': ['750-533-9413']}}
{'full_name': {'email': ['dpetford5w@google.ca'], 'phone': ['439-651-6929']}}
{'full_name': {'email': ['rbonick5x@umn.edu'], 'phone': ['212-644-1502']}}
{'full_name': {'email': ['kmaccrackan5y@unesco.org'], 'phone': ['508-631-7164']}}
{'full_name': {'email': ['espridgeon5z@earthlink.net'], 'phone': ['324-285-2783']}}
{'full_name': {'email': ['tcattini60@skype.com'], 'phone': ['315-277-3676']}}
{'full_name': {'email': ['eyanin61@goo.gl'], 'phone': ['663-229-3634']}}
{'full_name': {'email': ['nwhelan62@irs.gov'], 'phone': ['700-135-2172']}}
{'full_name': {'email': ['lmatuszak63@bloglines.com'], 'phone': ['908-554-9802']}}
{'full_name': {'email': ['mmcalpine64@ow.ly'], 'phone': ['591-300-2337']}}
{'full_name': {'email': ['csprull65@lycos.com'], 'phone': ['212-498-4788']}}
{'full_name': {'email': ['cfarny66@dyndns.org'], 'phone': ['297-365-9326']}}
{'full_name': {'email': ['bgippes67@discuz.net'], 'phone': ['425-151-7157']}}
{'full_name': {'email': ['kgullane68@a8.net'], 'phone': ['615-471-3067']}}
{'full_name': {'email': ['kciobotaru69@sfgate.com'], 'phone': ['521-348-3957']}}
{'full_name': {'email': ['ahablot6a@statcounter.com'], 'phone': ['444-962-9069']}}
{'full_name': {'email': ['jcarnell6b@comcast.net'], 'phone': ['573-351-9316']}}
{'full_name': {'email': ['jsumers6c@goo.gl'], 'phone': ['289-944-2587']}}
{'full_name': {'email': ['civery6d@shutterfly.com'], 'phone': ['967-805-0014']}}
{'full_name': {'email': ['cprosh6e@auda.org.au'], 'phone': ['754-107-6412']}}
{'full_name': {'email': ['jreucastle6f@networksolutions.com'], 'phone': ['158-792-5524']}}
{'full_name': {'email': ['zbeel6g@twitter.com'], 'phone': ['362-583-2393']}}
{'full_name': {'email': ['csurmanwells6h@eepurl.com'], 'phone': ['875-714-0816']}}
{'full_name': {'email': ['ldambrogio6i@angelfire.com'], 'phone': ['680-165-2296']}}
{'full_name': {'email': ['hspondley6j@answers.com'], 'phone': ['542-902-5615']}}
{'full_name': {'email': ['mdundridge6k@shinystat.com'], 'phone': ['420-594-4783']}}
{'full_name': {'email': ['ashimman6l@facebook.com'], 'phone': ['716-404-8209']}}
{'full_name': {'email': ['rhasley6m@alexa.com'], 'phone': ['685-106-4922']}}
{'full_name': {'email': ['cflemmich6n@illinois.edu'], 'phone': ['206-603-9575']}}
{'full_name': {'email': ['kwilcocks6o@ucoz.ru'], 'phone': ['700-920-1737']}}
{'full_name': {'email': ['mander6p@edublogs.org'], 'phone': ['789-620-1706']}}
{'full_name': {'email': ['cclohissy6q@mediafire.com'], 'phone': ['481-641-2449']}}
{'full_name': {'email': ['erooksby6r@hostgator.com'], 'phone': ['371-958-4581']}}
{'full_name': {'email': ['hputtick6s@ycombinator.com'], 'phone': ['621-708-9072']}}
{'full_name': {'email': ['mpeatheyjohns6t@sphinn.com'], 'phone': ['571-968-4896']}}
{'full_name': {'email': ['cciabatteri6u@google.nl'], 'phone': ['522-286-3875']}}
{'full_name': {'email': ['tslaughter6v@delicious.com'], 'phone': ['246-449-0270']}}
{'full_name': {'email': ['pstainton6w@theatlantic.com'], 'phone': ['937-497-5607']}}
{'full_name': {'email': ['gmustard6x@bbc.co.uk'], 'phone': ['623-686-7895']}}
{'full_name': {'email': ['gdeme6y@ihg.com'], 'phone': ['210-652-7739']}}
{'full_name': {'email': ['smayer6z@unicef.org'], 'phone': ['896-605-7674']}}
{'full_name': {'email': ['hlambis70@topsy.com'], 'phone': ['388-902-3805']}}
{'full_name': {'email': ['rhitschke71@miitbeian.gov.cn'], 'phone': ['838-854-6096']}}
{'full_name': {'email': ['gslate72@instagram.com'], 'phone': ['674-140-5269']}}
{'full_name': {'email': ['zlipyeat73@deviantart.com'], 'phone': ['344-139-8952']}}
{'full_name': {'email': ['abottomer74@foxnews.com'], 'phone': ['923-752-8830']}}
{'full_name': {'email': ['kwinston75@businessweek.com'], 'phone': ['644-770-5541']}}
{'full_name': {'email': ['jmoulden76@china.com.cn'], 'phone': ['393-108-8803']}}
{'full_name': {'email': ['skeary77@smh.com.au'], 'phone': ['877-132-9130']}}
{'full_name': {'email': ['nhuygens78@addthis.com'], 'phone': ['919-836-7230']}}
{'full_name': {'email': ['ktyas79@creativecommons.org'], 'phone': ['949-552-5893']}}
{'full_name': {'email': ['hwharby7a@jalbum.net'], 'phone': ['536-983-6399']}}
{'full_name': {'email': ['fbinyon7b@jigsy.com'], 'phone': ['625-753-6001']}}
{'full_name': {'email': ['apersent7c@columbia.edu'], 'phone': ['711-378-6962']}}
{'full_name': {'email': ['mdict7d@biblegateway.com'], 'phone': ['674-856-7638']}}
{'full_name': {'email': ['ceck7e@umn.edu'], 'phone': ['143-878-1604']}}
{'full_name': {'email': ['vburnside7f@epa.gov'], 'phone': ['170-887-1302']}}
{'full_name': {'email': ['wdodshun7g@amazon.co.jp'], 'phone': ['255-739-7949']}}
{'full_name': {'email': ['wditter7h@nationalgeographic.com'], 'phone': ['400-519-3360']}}
{'full_name': {'email': ['bbayns7i@blogspot.com'], 'phone': ['188-714-7546']}}
{'full_name': {'email': ['aschuck7j@unesco.org'], 'phone': ['708-582-1917']}}
{'full_name': {'email': ['amenzies7k@nydailynews.com'], 'phone': ['737-645-6640']}}
{'full_name': {'email': ['jkelleher7l@mac.com'], 'phone': ['482-360-5705']}}
{'full_name': {'email': ['alogue7m@ow.ly'], 'phone': ['923-275-9170']}}
{'full_name': {'email': ['rbigg7n@apache.org'], 'phone': ['806-379-7878']}}
{'full_name': {'email': ['emaccallam7o@ebay.co.uk'], 'phone': ['373-164-2258']}}
{'full_name': {'email': ['doloshin7p@google.nl'], 'phone': ['917-334-4458']}}
{'full_name': {'email': ['tdevil7q@umich.edu'], 'phone': ['206-668-8573']}}
{'full_name': {'email': ['lfreeberne7r@sourceforge.net'], 'phone': ['101-328-6017']}}
{'full_name': {'email': ['rhowsley7s@amazon.co.jp'], 'phone': ['245-489-1926']}}
{'full_name': {'email': ['abirds7t@usnews.com'], 'phone': ['166-584-3663']}}
{'full_name': {'email': ['bhazelgreave7u@alexa.com'], 'phone': ['640-317-6913']}}
{'full_name': {'email': ['rmcdade7v@ftc.gov'], 'phone': ['696-889-1830']}}
{'full_name': {'email': ['rtrewman7w@netvibes.com'], 'phone': ['555-685-0819']}}
{'full_name': {'email': ['lwittke7x@instagram.com'], 'phone': ['116-191-2000']}}
{'full_name': {'email': ['nmees7y@nature.com'], 'phone': ['636-312-6050']}}
{'full_name': {'email': ['gclose7z@dedecms.com'], 'phone': ['499-849-0065']}}
{'full_name': {'email': ['rkeesman80@photobucket.com'], 'phone': ['421-759-7086']}}
{'full_name': {'email': ['bgillimgham81@microsoft.com'], 'phone': ['880-221-8961']}}
{'full_name': {'email': ['dmacieiczyk82@google.it'], 'phone': ['675-841-8145']}}
{'full_name': {'email': ['jgabbott83@alibaba.com'], 'phone': ['431-574-3982']}}
{'full_name': {'email': ['rridout84@dagondesign.com'], 'phone': ['513-808-0849']}}
{'full_name': {'email': ['lclimer85@adobe.com'], 'phone': ['625-306-8153']}}
{'full_name': {'email': ['wstalley86@ocn.ne.jp'], 'phone': ['429-711-2771']}}
{'full_name': {'email': ['mheintze87@kickstarter.com'], 'phone': ['244-340-1721']}}
{'full_name': {'email': ['sollivierre88@desdev.cn'], 'phone': ['133-775-7019']}}
{'full_name': {'email': ['cmacsweeney89@homestead.com'], 'phone': ['578-755-3071']}}
{'full_name': {'email': ['taizikovitz8a@earthlink.net'], 'phone': ['852-269-6688']}}
{'full_name': {'email': ['bbeminster8b@barnesandnoble.com'], 'phone': ['452-281-6856']}}
{'full_name': {'email': ['csadd8c@multiply.com'], 'phone': ['755-102-8132']}}
{'full_name': {'email': ['pwestnedge8d@deliciousdays.com'], 'phone': ['456-171-7135']}}
{'full_name': {'email': ['gkalinsky8e@baidu.com'], 'phone': ['763-627-7087']}}
{'full_name': {'email': ['bdowsey8f@eepurl.com'], 'phone': ['763-367-4713']}}
{'full_name': {'email': ['ldrysdall8g@usnews.com'], 'phone': ['822-605-6108']}}
{'full_name': {'email': ['dflatte8h@google.com.au'], 'phone': ['393-555-2341']}}
{'full_name': {'email': ['lgledhall8i@seattletimes.com'], 'phone': ['155-899-3411']}}
{'full_name': {'email': ['levesque8j@senate.gov'], 'phone': ['135-151-5391']}}
{'full_name': {'email': ['dlux8k@princeton.edu'], 'phone': ['174-977-3558']}}
{'full_name': {'email': ['rflecknoe8l@xing.com'], 'phone': ['593-193-3872']}}
{'full_name': {'email': ['salpine8m@jimdo.com'], 'phone': ['278-841-8855']}}
{'full_name': {'email': ['hmenere8n@usda.gov'], 'phone': ['544-847-8082']}}
{'full_name': {'email': ['mlewtey8o@domainmarket.com'], 'phone': ['539-841-7266']}}
{'full_name': {'email': ['rfishburn8p@booking.com'], 'phone': ['750-954-7821']}}
{'full_name': {'email': ['lmapplebeck8q@addtoany.com'], 'phone': ['693-811-9800']}}
{'full_name': {'email': ['bstaples8r@cbsnews.com'], 'phone': ['594-873-7250']}}
{'full_name': {'email': ['rworley8s@yelp.com'], 'phone': ['117-579-8635']}}
{'full_name': {'email': ['feagling8t@mapy.cz'], 'phone': ['508-912-5167']}}
{'full_name': {'email': ['caggio8u@marriott.com'], 'phone': ['879-619-2110']}}
{'full_name': {'email': ['igrey8v@webnode.com'], 'phone': ['409-178-1347']}}
{'full_name': {'email': ['amallard8w@theatlantic.com'], 'phone': ['497-515-0137']}}
{'full_name': {'email': ['svokes8x@ibm.com'], 'phone': ['568-737-9845']}}
{'full_name': {'email': ['pendrizzi8y@utexas.edu'], 'phone': ['860-682-1731']}}
{'full_name': {'email': ['gbarrie8z@princeton.edu'], 'phone': ['823-141-4792']}}
{'full_name': {'email': ['cvennings90@wikia.com'], 'phone': ['694-562-4174']}}
{'full_name': {'email': ['ijohnstone91@huffingtonpost.com'], 'phone': ['263-518-2860']}}
{'full_name': {'email': ['nleggett92@chicagotribune.com'], 'phone': ['708-336-7847']}}
{'full_name': {'email': ['asangra93@wikimedia.org'], 'phone': ['386-502-6895']}}
{'full_name': {'email': ['gdane94@posterous.com'], 'phone': ['918-941-2601']}}
{'full_name': {'email': ['pdachey95@cnn.com'], 'phone': ['841-996-8506']}}
{'full_name': {'email': ['nbutting96@wsj.com'], 'phone': ['571-280-4401']}}
{'full_name': {'email': ['fdadswell97@list-manage.com'], 'phone': ['117-559-7428']}}
{'full_name': {'email': ['ddelnevo98@barnesandnoble.com'], 'phone': ['262-559-7087']}}
{'full_name': {'email': ['dspier99@shareasale.com'], 'phone': ['606-193-3241']}}
{'full_name': {'email': ['kharbage9a@liveinternet.ru'], 'phone': ['617-977-5286']}}
{'full_name': {'email': ['vlepine9b@nsw.gov.au'], 'phone': ['620-133-6472']}}
{'full_name': {'email': ['dgooderson9c@hao123.com'], 'phone': ['557-755-2626']}}
{'full_name': {'email': ['rpolley9d@rakuten.co.jp'], 'phone': ['853-733-1669']}}
{'full_name': {'email': ['rdymond9e@simplemachines.org'], 'phone': ['302-621-8466']}}
{'full_name': {'email': ['mroumier9f@hibu.com'], 'phone': ['230-515-3177']}}
{'full_name': {'email': ['kloidl9g@nasa.gov'], 'phone': ['974-215-0019']}}
{'full_name': {'email': ['lfinby9h@fc2.com'], 'phone': ['419-657-9810']}}
{'full_name': {'email': ['npelz9i@angelfire.com'], 'phone': ['187-178-3592']}}
{'full_name': {'email': ['mmogridge9j@imageshack.us'], 'phone': ['186-214-6748']}}
{'full_name': {'email': ['fmcdermid9k@nifty.com'], 'phone': ['385-251-2448']}}
{'full_name': {'email': ['lpatching9l@stanford.edu'], 'phone': ['904-170-8923']}}
{'full_name': {'email': ['dburdett9m@dailymail.co.uk'], 'phone': ['242-911-0838']}}
{'full_name': {'email': ['ebuckthorp9n@nymag.com'], 'phone': ['254-992-0681']}}
{'full_name': {'email': ['cbert9o@geocities.com'], 'phone': ['647-643-1637']}}
{'full_name': {'email': ['avautier9p@csmonitor.com'], 'phone': ['541-251-3478']}}
{'full_name': {'email': ['kreicharz9q@webeden.co.uk'], 'phone': ['999-166-3232']}}
{'full_name': {'email': ['horkney9r@pagesperso-orange.fr'], 'phone': ['501-805-3883']}}
{'full_name': {'email': ['ncrowd9s@odnoklassniki.ru'], 'phone': ['551-857-4854']}}
{'full_name': {'email': ['bhalkyard9t@statcounter.com'], 'phone': ['338-773-6845']}}
{'full_name': {'email': ['tstodd9u@army.mil'], 'phone': ['647-525-9173']}}
{'full_name': {'email': ['kbohling9v@angelfire.com'], 'phone': ['425-855-0359']}}
{'full_name': {'email': ['mmarrow9w@yale.edu'], 'phone': ['580-476-7607']}}
{'full_name': {'email': ['fnockells9x@istockphoto.com'], 'phone': ['499-588-0199']}}
{'full_name': {'email': ['mcanacott9y@blinklist.com'], 'phone': ['860-141-3677']}}
{'full_name': {'email': ['spersicke9z@amazon.co.uk'], 'phone': ['270-190-3493']}}
{'full_name': {'email': ['cpitchersa0@archive.org'], 'phone': ['722-917-7407']}}
{'full_name': {'email': ['mselveya1@redcross.org'], 'phone': ['489-694-1982']}}
{'full_name': {'email': ['tgladdolpha2@etsy.com'], 'phone': ['162-511-4877']}}
{'full_name': {'email': ['ltantia3@howstuffworks.com'], 'phone': ['547-873-7263']}}
{'full_name': {'email': ['gkirkupa4@sitemeter.com'], 'phone': ['122-591-9669']}}
{'full_name': {'email': ['lgyvesa5@goo.gl'], 'phone': ['338-213-4235']}}
{'full_name': {'email': ['rscoona6@ow.ly'], 'phone': ['731-667-6186']}}
{'full_name': {'email': ['fantracka7@imageshack.us'], 'phone': ['211-255-2896']}}
{'full_name': {'email': ['sducarmea8@wisc.edu'], 'phone': ['588-187-6390']}}
{'full_name': {'email': ['ctriplowa9@bravesites.com'], 'phone': ['461-335-2898']}}
{'full_name': {'email': ['blebretonaa@weibo.com'], 'phone': ['895-368-1551']}}
{'full_name': {'email': ['rjanissonab@skyrock.com'], 'phone': ['370-463-7629']}}
{'full_name': {'email': ['cjirkaac@plala.or.jp'], 'phone': ['904-928-4498']}}
{'full_name': {'email': ['kheatlyad@china.com.cn'], 'phone': ['926-310-8120']}}
{'full_name': {'email': ['lraithmillae@cloudflare.com'], 'phone': ['921-766-7327']}}
{'full_name': {'email': ['eshereraf@symantec.com'], 'phone': ['647-232-0767']}}
{'full_name': {'email': ['wleideckerag@wisc.edu'], 'phone': ['390-483-0275']}}
{'full_name': {'email': ['onoyeah@1688.com'], 'phone': ['817-626-6797']}}
{'full_name': {'email': ['cbroughtonai@ehow.com'], 'phone': ['498-902-6937']}}
{'full_name': {'email': ['abenningtonaj@posterous.com'], 'phone': ['863-461-9700']}}
{'full_name': {'email': ['jwhealak@devhub.com'], 'phone': ['380-889-4794']}}
{'full_name': {'email': ['dkoppeckal@diigo.com'], 'phone': ['997-873-1049']}}
{'full_name': {'email': ['mpantingam@simplemachines.org'], 'phone': ['332-407-3775']}}
{'full_name': {'email': ['cgeppan@ycombinator.com'], 'phone': ['580-900-1606']}}
{'full_name': {'email': ['ttabbernorao@whitehouse.gov'], 'phone': ['518-367-7641']}}
{'full_name': {'email': ['fscrivenap@latimes.com'], 'phone': ['944-724-0682']}}
{'full_name': {'email': ['dtebbothaq@skype.com'], 'phone': ['342-171-4808']}}
{'full_name': {'email': ['jdignumar@delicious.com'], 'phone': ['853-923-5185']}}
{'full_name': {'email': ['etokleyas@typepad.com'], 'phone': ['421-515-7224']}}
{'full_name': {'email': ['fbalazinat@gravatar.com'], 'phone': ['779-214-4467']}}
{'full_name': {'email': ['dtebbuttau@huffingtonpost.com'], 'phone': ['335-623-9239']}}
{'full_name': {'email': ['mmcritchieav@time.com'], 'phone': ['438-474-6419']}}
{'full_name': {'email': ['everrilloaw@google.es'], 'phone': ['955-301-6984']}}
{'full_name': {'email': ['phazletonax@edublogs.org'], 'phone': ['651-311-5617']}}
{'full_name': {'email': ['jlomasay@is.gd'], 'phone': ['538-234-7833']}}
{'full_name': {'email': ['lbavisteraz@digg.com'], 'phone': ['671-761-6801']}}
{'full_name': {'email': ['rhaddacksb0@skype.com'], 'phone': ['876-250-6061']}}
{'full_name': {'email': ['cstidworthyb1@jiathis.com'], 'phone': ['767-956-0339']}}
{'full_name': {'email': ['tivanuschkab2@is.gd'], 'phone': ['181-630-0938']}}
{'full_name': {'email': ['isatterlyb3@photobucket.com'], 'phone': ['951-922-6361']}}
{'full_name': {'email': ['jcottageb4@rediff.com'], 'phone': ['352-686-0264']}}
{'full_name': {'email': ['emaclennanb5@typepad.com'], 'phone': ['935-771-2832']}}
{'full_name': {'email': ['twishkarb6@wikia.com'], 'phone': ['515-935-6182']}}
{'full_name': {'email': ['rsouthwoodb7@google.de'], 'phone': ['362-407-3681']}}
{'full_name': {'email': ['nrounsefellb8@imageshack.us'], 'phone': ['705-560-7932']}}
{'full_name': {'email': ['sarmitageb9@barnesandnoble.com'], 'phone': ['508-365-6179']}}
{'full_name': {'email': ['cmontierba@wikispaces.com'], 'phone': ['662-815-9968']}}
{'full_name': {'email': ['ndecroixbb@techcrunch.com'], 'phone': ['249-968-4012']}}
{'full_name': {'email': ['agehrelsbc@linkedin.com'], 'phone': ['941-540-3982']}}
{'full_name': {'email': ['egabitesbd@live.com'], 'phone': ['614-937-4809']}}
{'full_name': {'email': ['achaundybe@purevolume.com'], 'phone': ['778-789-0246']}}
{'full_name': {'email': ['dsnowdingbf@noaa.gov'], 'phone': ['563-286-2352']}}
{'full_name': {'email': ['bsoreybg@nba.com'], 'phone': ['513-199-6788']}}
{'full_name': {'email': ['mleithharveybh@livejournal.com'], 'phone': ['973-417-9163']}}
{'full_name': {'email': ['mfairhambi@vinaora.com'], 'phone': ['920-653-3810']}}
{'full_name': {'email': ['cdennisbj@mapy.cz'], 'phone': ['178-914-5393']}}
{'full_name': {'email': ['fbaccusbk@illinois.edu'], 'phone': ['579-614-9683']}}
{'full_name': {'email': ['jdenisbl@seesaa.net'], 'phone': ['563-140-3547']}}
{'full_name': {'email': ['cpoulettbm@omniture.com'], 'phone': ['181-231-4867']}}
{'full_name': {'email': ['wteasellbn@51.la'], 'phone': ['306-331-7552']}}
{'full_name': {'email': ['nstoffelbo@topsy.com'], 'phone': ['486-558-6914']}}
{'full_name': {'email': ['blaurantbp@tinypic.com'], 'phone': ['603-345-1588']}}
{'full_name': {'email': ['bgeffcockbq@ebay.co.uk'], 'phone': ['781-212-9913']}}
{'full_name': {'email': ['bconmanbr@ihg.com'], 'phone': ['776-310-9613']}}
{'full_name': {'email': ['jbrewsterbs@walmart.com'], 'phone': ['197-584-4060']}}
{'full_name': {'email': ['omarybt@fda.gov'], 'phone': ['688-115-2679']}}
{'full_name': {'email': ['cguiderabu@furl.net'], 'phone': ['853-296-1202']}}
{'full_name': {'email': ['pdixceebv@trellian.com'], 'phone': ['327-341-1827']}}
{'full_name': {'email': ['tholthambw@un.org'], 'phone': ['284-882-8499']}}
{'full_name': {'email': ['scrasswellerbx@hugedomains.com'], 'phone': ['679-418-1729']}}
{'full_name': {'email': ['ebrownsallby@tiny.cc'], 'phone': ['630-352-9324']}}
{'full_name': {'email': ['mkunzbz@hostgator.com'], 'phone': ['266-181-3784']}}
{'full_name': {'email': ['tswainstonc0@a8.net'], 'phone': ['979-245-6411']}}
{'full_name': {'email': ['dtestoc1@blogs.com'], 'phone': ['530-882-2724']}}
{'full_name': {'email': ['gchaneyc2@google.com.br'], 'phone': ['619-451-7220']}}
{'full_name': {'email': ['mgiorginic3@tuttocitta.it'], 'phone': ['609-470-6360']}}
{'full_name': {'email': ['tcoulthardc4@comsenz.com'], 'phone': ['193-631-3899']}}
{'full_name': {'email': ['nhanselmannc5@so-net.ne.jp'], 'phone': ['495-390-4222']}}
{'full_name': {'email': ['cbalmac6@flavors.me'], 'phone': ['155-739-4536']}}
{'full_name': {'email': ['vwagonc7@alibaba.com'], 'phone': ['320-342-6534']}}
{'full_name': {'email': ['apatingtonc8@homestead.com'], 'phone': ['199-750-5624']}}
{'full_name': {'email': ['bdilletc9@newsvine.com'], 'phone': ['850-622-5187']}}
{'full_name': {'email': ['bswansburyca@cdbaby.com'], 'phone': ['884-866-6169']}}
{'full_name': {'email': ['tschuchmachercb@quantcast.com'], 'phone': ['354-960-1109']}}
{'full_name': {'email': ['rholwellcc@infoseek.co.jp'], 'phone': ['990-445-4889']}}
{'full_name': {'email': ['awilsteadcd@mozilla.com'], 'phone': ['837-158-4850']}}
{'full_name': {'email': ['rleathece@ifeng.com'], 'phone': ['928-830-0719']}}
{'full_name': {'email': ['aabbittcf@nps.gov'], 'phone': ['661-756-2452']}}
{'full_name': {'email': ['vgisbeycg@illinois.edu'], 'phone': ['303-191-2571']}}
{'full_name': {'email': ['tlutherch@comcast.net'], 'phone': ['197-151-2620']}}
{'full_name': {'email': ['kstiffkinsci@cnbc.com'], 'phone': ['712-472-7622']}}
{'full_name': {'email': ['ofiorentinocj@omniture.com'], 'phone': ['120-495-2930']}}
{'full_name': {'email': ['wbeadeck@mozilla.org'], 'phone': ['289-398-4482']}}
{'full_name': {'email': ['hsollowaycl@phoca.cz'], 'phone': ['953-373-2634']}}
{'full_name': {'email': ['fmacmarcuiscm@facebook.com'], 'phone': ['456-151-4307']}}
{'full_name': {'email': ['mmellcn@seattletimes.com'], 'phone': ['691-997-0379']}}
{'full_name': {'email': ['econerdingco@51.la'], 'phone': ['682-839-8631']}}
{'full_name': {'email': ['mbernetticp@auda.org.au'], 'phone': ['202-679-2631']}}
{'full_name': {'email': ['bcatchpolecq@comsenz.com'], 'phone': ['984-700-8107']}}
{'full_name': {'email': ['kdowreycr@google.cn'], 'phone': ['764-268-1651']}}
{'full_name': {'email': ['umagillcs@washingtonpost.com'], 'phone': ['164-238-0356']}}
{'full_name': {'email': ['dwinterburnct@howstuffworks.com'], 'phone': ['284-502-1463']}}
{'full_name': {'email': ['cjeanessoncu@plala.or.jp'], 'phone': ['939-292-4881']}}
{'full_name': {'email': ['aportailcv@163.com'], 'phone': ['400-905-2786']}}
{'full_name': {'email': ['bhixsoncw@bbc.co.uk'], 'phone': ['231-399-7210']}}
{'full_name': {'email': ['jcowancx@salon.com'], 'phone': ['988-566-3919']}}
{'full_name': {'email': ['hstowerscy@jalbum.net'], 'phone': ['611-860-9609']}}
{'full_name': {'email': ['clupsoncz@qq.com'], 'phone': ['756-803-6288']}}
{'full_name': {'email': ['cfisbyd0@so-net.ne.jp'], 'phone': ['179-771-9853']}}
{'full_name': {'email': ['abarkasd1@goodreads.com'], 'phone': ['299-340-7861']}}
{'full_name': {'email': ['bstothardd2@usda.gov'], 'phone': ['369-888-3132']}}
{'full_name': {'email': ['gjeed3@shop-pro.jp'], 'phone': ['213-125-4077']}}
{'full_name': {'email': ['hchardind4@stanford.edu'], 'phone': ['760-385-0650']}}
{'full_name': {'email': ['astovined5@networkadvertising.org'], 'phone': ['601-919-5732']}}
{'full_name': {'email': ['tmcneillyd6@bravesites.com'], 'phone': ['582-551-9281']}}
{'full_name': {'email': ['clippittd7@uol.com.br'], 'phone': ['785-823-5461']}}
{'full_name': {'email': ['jeaglestond8@vk.com'], 'phone': ['913-610-6976']}}
{'full_name': {'email': ['mohingertyd9@github.com'], 'phone': ['677-672-5799']}}
{'full_name': {'email': ['aschonfelderda@wix.com'], 'phone': ['689-198-8793']}}
{'full_name': {'email': ['rbateripdb@purevolume.com'], 'phone': ['190-784-3067']}}
{'full_name': {'email': ['vsorensendc@example.com'], 'phone': ['232-870-2491']}}
{'full_name': {'email': ['pdiggensdd@sphinn.com'], 'phone': ['418-399-1240']}}
{'full_name': {'email': ['mbrimfieldde@360.cn'], 'phone': ['953-307-3849']}}
{'full_name': {'email': ['pbanghamdf@tripadvisor.com'], 'phone': ['775-346-4990']}}
{'full_name': {'email': ['drakestrawdg@cafepress.com'], 'phone': ['283-554-3715']}}
{'full_name': {'email': ['mmunsondh@china.com.cn'], 'phone': ['793-861-3407']}}
{'full_name': {'email': ['zdorwooddi@e-recht24.de'], 'phone': ['180-194-7847']}}
{'full_name': {'email': ['lbuckenhamdj@eventbrite.com'], 'phone': ['395-130-9998']}}
{'full_name': {'email': ['lortetdk@ovh.net'], 'phone': ['482-224-7203']}}
{'full_name': {'email': ['syurkiewiczdl@sitemeter.com'], 'phone': ['549-453-2918']}}
{'full_name': {'email': ['asunterdm@163.com'], 'phone': ['363-154-4312']}}
{'full_name': {'email': ['vgeffingerdn@boston.com'], 'phone': ['229-592-8009']}}
{'full_name': {'email': ['delbourndo@marriott.com'], 'phone': ['737-990-7532']}}
{'full_name': {'email': ['adominiquedp@shop-pro.jp'], 'phone': ['418-451-0720']}}
{'full_name': {'email': ['divanyutindq@plala.or.jp'], 'phone': ['916-210-6173']}}
{'full_name': {'email': ['kgrinyakindr@unc.edu'], 'phone': ['828-711-0882']}}
{'full_name': {'email': ['hrumboldds@liveinternet.ru'], 'phone': ['293-764-4418']}}
{'full_name': {'email': ['klambkindt@ebay.com'], 'phone': ['928-568-1974']}}
{'full_name': {'email': ['ktynemouthdu@ning.com'], 'phone': ['690-215-8097']}}
{'full_name': {'email': ['ckaubischdv@wikia.com'], 'phone': ['307-726-6526']}}
